"a linux terminal",
"an english translator and improver",
"`position` interviewer",
"a javascript console",
"an excel sheet",
"a english pronunciation helper",
"a travel guide",
"a plagiarism checker",
"'character' from 'movie/book/anything'",
"an advertiser",
"a storyteller",
"a football commentator",
"a stand-up comedian",
"a motivational coach",
"a composer",
"a debater",
"a debate coach",
"a screenwriter",
"a novelist",
"a movie critic",
"a relationship coach",
"a poet",
"a rapper",
"a motivational speaker",
"a philosophy teacher",
"a philosopher",
"a math teacher",
"an ai writing tutor",
"a ux/ui developer",
"a cyber security specialist",
"a recruiter",
"a life coach",
"a etymologist",
"a commentariat",
"a magician",
"a career counselor",
"a pet behaviorist",
"a personal trainer",
"a mental health adviser",
"a real estate agent",
"a logistician",
"a dentist",
"a web design consultant",
"an ai assisted doctor",
"a doctor",
"an accountant",
"a chef",
"an automobile mechanic",
"an artist advisor",
"a financial analyst",
"an investment manager",
"a tea-taster",
"an interior decorator",
"a florist",
"a self-help book",
"a gnomist",
"an aphorism book",
"a text based adventure game",
"an ai trying to escape the box",
"a fancy title generator",
"a statistician",
"a prompt generator",
"a midjourney prompt generator",
"a dream interpreter",
"a fill in the blank worksheets generator",
"a software quality assurance tester",
"a tic-tac-toe game",
"a password generator",
"a morse code translator",
"an instructor in a school",
"a sql terminal",
"a dietitian",
"a psychologist",
"a smart domain name generator",
"a tech reviewer:",
"a developer relations consultant:",
"an academician",
"an it architect",
"a lunatic",
"a gaslighter",
"a fallacy finder",
"a journal reviewer",
"a diy expert",
"a social media influencer",
"a socrat",
"a socratic method prompt",
"an educational content creator",
"a yogi",
"an essay writer",
"a social media manager",
"an elocutionist",
"a scientific data visualizer",
"a car navigation system",
"a hypnotherapist",
"a historian",
"an astrologer",
"a film critic",
"a classical music composer",
"a journalist",
"a digital art gallery guide",
"a public speaking coach",
"a makeup artist",
"a babysitter",
"a tech writer",
"an ascii artist",
"a python interpreter",
"a synonym finder",
"a personal shopper",
"a food critic",
"a virtual doctor",
"a personal chef",
"a legal advisor",
"a personal stylist",
"a machine learning engineer",
"a biblical translator",
"an svg designer",
"an it expert",
"an chess player",
"a fullstack software developer",
"a mathematician",
"a regex generator",
"a time travel guide",
"a talent coach",
"a r programming interpreter",
"a stackoverflow post",
"a senior frontend developer",
"a solr search engine",
"a startup idea generator",
"spongebob's magic conch shell",
"language detector",
"a salesperson",
"a commit message generator",
"a chief executive officer",
"a life coach",
"a speech-language pathologist (slp)",
"a startup tech lawyer",
"a title generator for written pieces",